﻿<?xml version="1.0" encoding="utf-8" standalone="no" ?>
<modDesc descVersion="53">
    <author>Rival</author>
    <version>1.0.0.1</version>
    
    <title>
        <en>Hardi Mega 2200</en>
    </title>

    <description>
         <en>
<![CDATA[
This Hardi Mega 2200 sprayer has been adapted for use with section control.
]]>
        </en>
        <de>
<![CDATA[
Angepasste Hardi Mega 2200 Spritze für Teilbreitenschaltung.
]]>
        </de>
    </description>
    <iconFilename>icon_hardiMega2200.png</iconFilename>
    <multiplayer supported="true"/>
    
    <storeItems>
        <storeItem rootNode="vehicle" xmlFilename="mega2200.xml"/>
    </storeItems>
</modDesc>
