﻿<?xml version="1.0" encoding="utf-8" standalone="no" ?>
<modDesc descVersion="47">
    <title>
        <en>SprayerSectionControl</en>
        <de>Teilbreitenschaltung</de>
    </title>
    <description>
		<de><![CDATA[Mit diesem Mod können einzelne Teilbreiten von Spritzen deaktiviert werden.]]>
		</de>
		<en><![CDATA[This mod adds the ability to turn sections of sprayers off.]]>
		</en>
    </description>
    <author>Rival</author>
    <version>0.3.0.1</version>
    <iconFilename>icon.dds</iconFilename>
    <multiplayer supported="true"/>
	
    <extraSourceFiles>
        <sourceFile filename="loader.lua" />
    </extraSourceFiles>
	
	<inputBinding>
        <actionBinding action="SHOW_SSC_HUD">
            <binding device="KB_MOUSE_DEFAULT" input="KEY_lctrl KEY_b" />
        </actionBinding>
        <actionBinding action="SHOW_SSC_MOUSE">
            <binding device="KB_MOUSE_DEFAULT" input="MOUSE_BUTTON_MIDDLE" />
        </actionBinding>
        <actionBinding action="SSC_MOUSECLICK">
			<binding device="KB_MOUSE_DEFAULT" input="MOUSE_BUTTON_LEFT" />
        </actionBinding>
	</inputBinding>
	
    <actions>
        <action name="SHOW_SSC_HUD" category="VEHICLE "/>
        <action name="SHOW_SSC_MOUSE" category="VEHICLE" />
        <action name="SSC_MOUSECLICK" category="VEHICLE" />
    </actions>

    <l10n>
        <text name="input_SHOW_SSC_HUD"><en>SSC: HUD on/off</en><de>SSC: HUD ein/aus</de></text>
        <text name="input_SHOW_SSC_MOUSE"><en>SSC: Mouse cursor</en><de>SSC: Mauszeiger</de></text>
        <text name="input_SSC_MOUSECLICK"><en>SSC: Mouse click</en><de>SSC: Maus Klick</de></text>
        <text name="SSC_AUTOMATIC_MODE"><en>AUTOMATIC MODE</en><de>AUTOMATIK-MODUS</de></text>
        <text name="SSC_MANUAL_MODE"><en>MANUAL MODE</en><de>MANUELLER MODUS</de></text>
    </l10n>
</modDesc>
