﻿<?xml version="1.0" encoding="utf-8" standalone="no" ?>
<modDesc descVersion="51">
    <author>GIANTS Software</author>
    <version>1.0.0.0</version>
    <title>
        <en>Veenhuis Premium Integral II SSC</en>
    </title>

    <description>
        <en>Veenhuis Premium Integral II with Sprayer Section Control</en>
    </description>

    <iconFilename>$data/vehicles/veenhuis/premiumIntegral30000/store_veenhuisPremiumIntegral.png</iconFilename>
    <multiplayer supported="true" />

    <storeItems>
        <storeItem xmlFilename="premiumIntegral30000.xml"/>
    </storeItems>
</modDesc>
